{
  "images" : [
    {
      "idiom" : "watch",
      "filename" : "32.png",
      "screen-width" : "<=145",
      "scale" : "2x"
    },
    {
      "idiom" : "watch",
      "filename" : "36.png",
      "screen-width" : ">161",
      "scale" : "2x"
    },
    {
      "idiom" : "watch",
      "filename" : "36-1.png",
      "screen-width" : ">145",
      "scale" : "2x"
    },
    {
      "idiom" : "watch",
      "filename" : "40.png",
      "screen-width" : ">183",
      "scale" : "2x"
    }
  ],
  "info" : {
    "version" : 1,
    "author" : "xcode"
  }
}